{"cameraMode":{"drawMode":0,"name":"Shaded","section":"Shading Mode"},"sceneLighting":false,"audioPlay":false,"sceneViewState":{"m_AlwaysRefresh":false,"showFog":true,"showSkybox":false,"showFlares":true,"showImageEffects":true,"showParticleSystems":true,"showVisualEffectGraphs":true,"m_FxEnabled":true},"in2DMode":false,"pivot":{"x":0.027273893356323243,"y":-0.024617910385131837,"z":0.07047200202941895},"rotation":{"x":-0.20778851211071015,"y":0.3426637351512909,"z":-0.07799810916185379,"w":-0.9128640294075012},"size":2.2096974849700929,"orthographic":false}