{"cameraMode":{"drawMode":0,"name":"Shaded","section":"Shading Mode"},"sceneLighting":true,"audioPlay":false,"sceneViewState":{"m_AlwaysRefresh":false,"showFog":true,"showSkybox":true,"showFlares":true,"showImageEffects":true,"showParticleSystems":true,"showVisualEffectGraphs":true,"m_FxEnabled":true},"in2DMode":false,"pivot":{"x":0.4715576767921448,"y":4.5692572593688969,"z":-2.4496593475341799},"rotation":{"x":-0.10638073831796646,"y":0.0646800622344017,"z":-0.006935130804777145,"w":-0.9921975135803223},"size":8.060365676879883,"orthographic":false}